https://starcraft.fandom.com/wiki/Dominion_Special_Forces,170
https://starcraft.fandom.com//community.fandom.com/wiki/Community_Central,90
https://starcraft.fandom.com//community.fandom.com/wiki/Special:CreateNewWiki,90
https://starcraft.fandom.com//starcraft.fandom.com/wiki/StarCraft_Wiki,90
https://starcraft.fandom.com/wiki/StarCraft_Wiki,564
https://starcraft.fandom.com/wiki/StarCraft_Wiki:Community_Portal,92
https://starcraft.fandom.com/wiki/StarCraft_Wiki:Languages,105
https://starcraft.fandom.com/wiki/Forum:Index,101
https://starcraft.fandom.com/wiki/StarCraft_Wiki:Citation_index,159
https://starcraft.fandom.com/wiki/Category:Games,132
https://starcraft.fandom.com/wiki/StarCraft,246
https://starcraft.fandom.com/wiki/Category:StarCraft_units,102
https://starcraft.fandom.com/wiki/Category:StarCraft_buildings,96
https://starcraft.fandom.com/wiki/Category:Gameplay,134
https://starcraft.fandom.com/wiki/Category:StarCraft_maps,175
https://starcraft.fandom.com/wiki/StarCraft_version_history,145
https://starcraft.fandom.com/wiki/StarCraft:_Brood_War,206
https://starcraft.fandom.com/wiki/StarCraft_II,701
https://starcraft.fandom.com/wiki/List_of_StarCraft_II_units,601
https://starcraft.fandom.com/wiki/Category:StarCraft_II_buildings,105
